state_label,configuration,term,J,parity,energy_cm,uncertainty_cm,reference
5s2 1S0,5s2,1S,0,even,0.000,0,L15350
5s5p 3P0,5s.5p,3P,0,odd,14317.507,0.001,L15350
5s5p 3P1,5s.5p,3P,1,odd,14504.334,0.003,L15350
5s5p 3P2,5s.5p,3P,2,odd,14898.545,0.004,L15350
5s4d 3D1,5s.4d,3D,1,even,18159.040,0.003,L15350
5s4d 3D2,5s.4d,3D,2,even,18218.784,0.003,L15350
5s4d 3D3,5s.4d,3D,3,even,18319.261,0.004,L15350
5s4d 1D2,5s.4d,1D,2,even,20149.685,0.003,L15350
5s5p 1P1,5s.5p,1P,1,odd,21698.452,0.004,L15350
5s6s 3S1,5s.6s,3S,1,even,29038.773,0.004,L15350
5s6s 1S0,5s.6s,1S,0,even,30591.825,0.016,L15350
4d5p 3F2,4d.5p,3F,2,odd,33266.851,0.003,L15350
4d5p 3F3,4d.5p,3F,3,odd,33589.709,0.007,L15350
4d5p 1D2,4d.5p,1D,2,odd,33826.899,0.003,L15350
5s6p 3P0,5s.6p,3P,0,odd,33853.490,0.006,L15350
5s6p 3P1,5s.6p,3P,1,odd,33868.317,0.006,L15350
4d5p 3F4,4d.5p,3F,4,odd,33919.315,0.006,L15350
5s6p 3P2,5s.6p,3P,2,odd,33973.065,0.004,L15350
5s6p 1P1,5s.6p,1P,1,odd,34098.404,0.006,L15350
5s5d 1D2,5s.5d,1D,2,even,34727.447,0.005,L15350
5s5d 3D1,5s.5d,3D,1,even,35006.908,0.007,L15350
5s5d 3D2,5s.5d,3D,2,even,35021.989,0.012,L15350
5s5d 3D3,5s.5d,3D,3,even,35045.019,0.008,L15350
5p2 3P0,5p2,3P,0,even,35193.442,0.019,L15350
5p2 3P1,5p2,3P,1,even,35400.105,0.005,L15350
5p2 3P2,5p2,3P,2,even,35674.637,0.008,L15350
4d5p 3D1,4d.5p,3D,1,odd,36264.151,0.008,L15350
4d5p 3D2,4d.5p,3D,2,odd,36381.746,0.008,L15350
4d5p 3D3,4d.5p,3D,3,odd,36559.492,0.006,L15350
4d2 1D2,4d2,1D,2,even,36960.842,0.005,"L15350,L9352"
5p2 1S0,5p2,1S,0,even,37160.234,0.005,L15350
4d5p 3P0,4d.5p,3P,0,odd,37292.074,0.007,L15350
4d5p 3P1,4d.5p,3P,1,odd,37302.731,0.006,L15350
4d5p 3P2,4d.5p,3P,2,odd,37336.591,0.004,L15350
5s7s 3S1,5s.7s,3S,1,even,37424.675,0.005,L15350
4d5p 1F3,4d.5p,1F,3,odd,38007.742,0.016,L15350
5s7s 1S0,5s.7s,1S,0,even,38444.013,0.007,L15350
5s4f 3F2,5s.4f,3F,2,odd,38750.420,0.007,L15350
5s4f 3F3,5s.4f,3F,3,odd,38752.410,0.007,L15350
5s4f 3F4,5s.4f,3F,4,odd,38755.175,0.008,L15350
5s7p 1P1,5s.7p,1P,1,odd,38906.858,0.010,L15350
5s7p 3P0,5s.7p,3P,0,odd,39411.669,0.008,L15350
5s7p 3P1,5s.7p,3P,1,odd,39426.442,0.008,L15350
5s7p 3P2,5s.7p,3P,2,odd,39457.383,0.008,L15350
5s4f 1F3,5s.4f,1F,3,odd,39539.013,0.007,L15350
5s6d 3D1,5s.6d,3D,1,even,39685.830,0.017,L15350
5s6d 3D2,5s.6d,3D,2,even,39690.802,0.009,L15350
5s6d 3D3,5s.6d,3D,3,even,39703.109,0.009,L15350
5s6d 1D2,5s.6d,1D,2,even,39733.067,0.009,L15350
5s8s 3S1,5s.8s,3S,1,even,40761.372,0.020,L15350
5s8s 1S0,5s.8s,1S,0,even,41052.324,0.019,L15350
4d5p 1P1,4d.5p,1P,1,odd,41172.054,0.014,L15350
5s5f 3F2,5s.5f,3F,2,odd,41364.602,0.018,L15350
5s5f 3F3,5s.5f,3F,3,odd,41365.482,0.023,L15350
5s5f 3F4,5s.5f,3F,4,odd,41366.67,0.23,L15350
5s5f 1F3,5s.5f,1F,3,odd,41519.04,0.19,L15350
5s8p 3P0,5s.8p,3P,0,odd,41712.05,0.05,L4542
5s8p 3P1,5s.8p,3P,1,odd,41719.71,0.05,L4542
5s8p 3P2,5s.8p,3P,2,odd,41735.98,0.05,L4542
5s7d 1D2,5s.7d,1D,2,even,41831.448,0.021,L15350
5s7d 3D1,5s.7d,3D,1,even,41864.354,0.008,L15350
5s7d 3D2,5s.7d,3D,2,even,41869.270,0.010,L15350
5s7d 3D3,5s.7d,3D,3,even,41874.859,0.010,L15350
5s9s 3S1,5s.9s,3S,1,even,42451.16,0.35,L15350
5s8p 1P1,5s.8p,1P,1,odd,42462.136,0.014,L15350
5s9s 1S0,5s.9s,1S,0,even,42596.572,0.022,L15350
5s6f 3F2,5s.6f,3F,2,odd,42777.023,0.022,L15350
5s6f 3F3,5s.6f,3F,3,odd,42777.547,0.018,L15350
5s6f 3F4,5s.6f,3F,4,odd,42778.121,0.009,L15350
5s6f 1F3,5s.6f,1F,3,odd,42839.589,0.026,L15350
5s9p 3P0,5s.9p,3P,0,odd,42985.86,0.07,L4542
5s9p 3P1,5s.9p,3P,1,odd,42990.26,0.07,L4542
5s9p 3P2,5s.9p,3P,2,odd,42999.79,0.07,L4542
5s8d 1D2,5s.8d,1D,2,even,43021.058,0.023,L15350
5s8d 3D2,5s.8d,3D,2,even,43070.268,0.009,L15350
5s8d 3D3,5s.8d,3D,3,even,43074.728,0.010,L15350
5s9p 1P1,5s.9p,1P,1,odd,43328.04,0.07,L15350
5s10s 3S1,5s.10s,3S,1,even,43427.44,0.19,L15350
5s10s 1S0,5s.10s,1S,0,even,43512.1658,0.0010,L5644
5s7f 3F2,5s.7f,3F,2,odd,43623.896,0.026,L15350
5s7f 3F3,5s.7f,3F,3,odd,43624.205,0.028,L15350
5s7f 3F4,5s.7f,3F,4,odd,43624.479,0.009,L15350
5s7f 1F3,5s.7f,1F,3,odd,43656.219,0.028,L15350
5s9d 1D2,5s.9d,1D,2,even,43755.755,0.025,L15350
5s10p 3P0,5s.10p,3P,0,odd,43758.65,0.07,L4542
5s10p 3P1,5s.10p,3P,1,odd,43761.47,0.07,L4542
5s10p 3P2,5s.10p,3P,2,odd,43767.58,0.07,L4542
5s9d 3D2,5s.9d,3D,2,even,43804.890,0.025,L15350
5s10p 1P1,5s.10p,1P,1,odd,43938.201,0.025,L15350
5s11s 3S1,5s.11s,3S,1,even,44043.35,0.20,L15350
5s11s 1S0,5s.11s,1S,0,even,44097.1224,0.0010,L5644
5s8f 3F2,5s.8f,3F,2,odd,44170.80,0.03,L15350
5s8f 3F3,5s.8f,3F,3,odd,44170.99,0.03,L15350
5s8f 3F4,5s.8f,3F,4,odd,44171.32,0.03,L15350
5s8f 1F3,5s.8f,1F,3,odd,44189.889,0.029,L15350
5s10d 1D2,5s.10d,1D,2,even,44239.4549,0.0010,L5644
5s11p 3P0,5s.11p,3P,0,odd,44262.70,0.07,L4542
5s11p 3P1,5s.11p,3P,1,odd,44264.52,0.07,L4542
5s11p 3P2,5s.11p,3P,2,odd,44268.72,0.07,L4542
5s10d 3D2,5s.10d,3D,2,even,44286.91,0.20,L9511
5s11p 1P1,5s.11p,1P,1,odd,44366.42,0.03,L15350
5s12s 3S1,5s.12s,3S,1,even,44456.25,0.21,L15350
5s12s 1S0,5s.12s,1S,0,even,44492.8348,0.0010,L5644
4d2 3P0,4d2,3P,0,even,44525.838,0.010,L15350
5s9f 3F2,5s.9f,3F,2,odd,44544.27,0.03,L15350
5s9f 3F3,5s.9f,3F,3,odd,44544.44,0.03,L15350
5s9f 3F4,5s.9f,3F,4,odd,44544.63,0.03,L15350
5s9f 1F3,5s.9f,1F,3,odd,44556.48,0.03,L15350
5s11d 1D2,5s.11d,1D,2,even,44578.6890,0.0010,L5644
4d2 3P1,4d2,3P,1,even,44595.920,0.009,L15350
5s12p 3P0,5s.12p,3P,0,odd,44609.51,0.04,L4542
5s12p 3P1,5s.12p,3P,1,odd,44610.85,0.04,L4542
5s12p 3P2,5s.12p,3P,2,odd,44613.78,0.04,L4542
5s11d 3D2,5s.11d,3D,2,even,44619.84,0.20,L9511
5s12p 1P1,5s.12p,1P,1,odd,44675.737,0.029,L15350
4d2 3P2,4d2,3P,2,even,44729.627,0.010,L15350
5s13s 3S1,5s.13s,3S,1,even,44747.65,0.15,L5578
5s13s 1S0,5s.13s,1S,0,even,44773.6707,0.0010,L5644
5s10f 3F2,5s.10f,3F,2,odd,44810.53,0.04,L15350
5s10f 3F3,5s.10f,3F,3,odd,44810.56,0.04,L15350
5s10f 3F4,5s.10f,3F,4,odd,44810.72,0.04,L15350
5s10f 1F3,5s.10f,1F,3,odd,44818.77,0.03,L15350
5s12d 1D2,5s.12d,1D,2,even,44829.6648,0.0010,L5644
5s12d 3D1,5s.12d,3D,1,even,44854.02,0.15,L5578
5s13p 3P0,5s.13p,3P,0,odd,44858.33,0.03,L4542
5s13p 3P1,5s.13p,3P,1,odd,44859.32,0.03,L4542
5s12d 3D2,5s.12d,3D,2,even,44860.06,0.15,L5578
5s13p 3P2,5s.13p,3P,2,odd,44861.46,0.03,L4542
5s12d 3D3,5s.12d,3D,3,even,44865.22,0.15,L5578
5s13p 1P1,5s.13p,1P,1,odd,44903.50,0.03,L15350
5s14s 3S1,5s.14s,3S,1,even,44960.22,0.15,L5578
5s14s 1S0,5s.14s,1S,0,even,44979.4540,0.0010,L5644
5s11f 3F2,5s.11f,3F,2,odd,45006.93,0.04,L15350
5s11f 3F3,5s.11f,3F,3,odd,45006.98,0.04,L15350
5s11f 3F4,5s.11f,3F,4,odd,45007.11,0.04,L15350
5s13d 1D2,5s.13d,1D,2,even,45012.0249,0.0010,L5644
5s11f 1F3,5s.11f,1F,3,odd,45012.82,0.03,L15350
5s13d 3D1,5s.13d,3D,1,even,45028.55,0.15,L5578
5s13d 3D2,5s.13d,3D,2,even,45036.95,0.15,L5578
5s14p 3P0,5s.14p,3P,0,odd,45043.18,0.02,L4542
5s13d 3D3,5s.13d,3D,3,even,45043.79,0.15,L5578
5s14p 3P1,5s.14p,3P,1,odd,45043.89,0.02,L4542
5s14p 3P2,5s.14p,3P,2,odd,45045.54,0.02,L4542
5s14p 1P1,5s.14p,1P,1,odd,45075.29,0.03,L15350
5s15s 3S1,5s.15s,3S,1,even,45120.41,0.15,L5578
5s15s 1S0,5s.15s,1S,0,even,45134.9242,0.0010,L5644
5s14d 1D2,5s.14d,1D,2,even,45153.2785,0.0010,L5644
5s12f 3F2,5s.12f,3F,2,odd,45155.92,0.04,L15350
5s12f 3F3,5s.12f,3F,3,odd,45156.01,0.04,L15350
5s12f 3F4,5s.12f,3F,4,odd,45156.08,0.04,L15350
5s14d 3D1,5s.14d,3D,1,even,45159.60,0.15,L5578
5s12f 1F3,5s.12f,1F,3,odd,45160.29,0.03,L15350
5s14d 3D2,5s.14d,3D,2,even,45171.49,0.15,L5578
5s14d 3D3,5s.14d,3D,3,even,45180.44,0.15,L5578
5s15p 3P0,5s.15p,3P,0,odd,45183.93,0.02,L4542
5s15p 3P1,5s.15p,3P,1,odd,45184.54,0.02,L4542
5s15p 3P2,5s.15p,3P,2,odd,45185.79,0.02,L4542
5s15p 1P1,5s.15p,1P,1,odd,45207.83,0.04,L15350
5s16s 3S1,5s.16s,3S,1,even,45243.88,0.15,L5578
5s16s 1S0,5s.16s,1S,0,even,45255.2295,0.0010,L5644
5s15d 3D1,5s.15d,3D,1,even,45260.84,0.15,L5578
5s15d 1D2,5s.15d,1D,2,even,45263.6196,0.0010,L5644
5s13f 3F3,5s.13f,3F,3,odd,45271.69,0.04,L15350
5s13f 3F2,5s.13f,3F,2,odd,45271.72,0.04,L15350
5s13f 3F4,5s.13f,3F,4,odd,45271.78,0.04,L15350
5s13f 1F3,5s.13f,1F,3,odd,45274.97,0.03,L15350
5s15d 3D2,5s.15d,3D,2,even,45276.65,0.15,L5578
5s15d 3D3,5s.15d,3D,3,even,45286.53,0.15,L5578
5s16p 3P1,5s.16p,3P,1,odd,45294.22,0.02,L4542
5s16p 3P2,5s.16p,3P,2,odd,45295.21,0.02,L4542
5s16p 1P1,5s.16p,1P,1,odd,45311.99,0.04,L15350
5s17s 3S1,5s.17s,3S,1,even,45341.28,0.15,L5578
5s16d 3D1,5s.16d,3D,1,even,45341.36,0.15,L5578
5s17s 1S0,5s.17s,1S,0,even,45350.2296,0.0010,L5644
5s16d 3D2,5s.16d,3D,2,even,45350.35,0.15,L5578
5s16d 1D2,5s.16d,1D,2,even,45362.1272,0.0010,L5644
5s14f 3F2,5s.14f,3F,2,odd,45363.22,0.04,L15350
5s14f 3F4,5s.14f,3F,4,odd,45363.35,0.04,L15350
5s14f 3F3,5s.14f,3F,3,odd,45363.43,0.04,L15350
5s14f 1F3,5s.14f,1F,3,odd,45365.90,0.03,L15350
5s16d 3D3,5s.16d,3D,3,even,45370.76,0.15,L5578
5s17p 3P1,5s.17p,3P,1,odd,45381.46,0.03,L4542
5s17p 3P2,5s.17p,3P,2,odd,45382.26,0.03,L4542
5s17p 1P1,5s.17p,1P,1,odd,45395.34,0.04,L15350
5s17d 3D1,5s.17d,3D,1,even,45414.43,0.15,L5578
5s18s 3S1,5s.18s,3S,1,even,45419.29,0.15,L5578
5s17d 3D2,5s.17d,3D,2,even,45420.84,0.15,L5578
5s18s 1S0,5s.18s,1S,0,even,45426.5505,0.0010,L5644
5s17d 1D2,5s.17d,1D,2,even,45433.2717,0.0010,L5644
5s15f 3F2,5s.15f,3F,2,odd,45437.09,0.04,L15350
5s15f 3F3,5s.15f,3F,3,odd,45437.10,0.04,L15350
5s15f 3F4,5s.15f,3F,4,odd,45437.11,0.04,L15350
5s17d 3D3,5s.17d,3D,3,even,45439.08,0.15,L5578
5s15f 1F3,5s.15f,1F,3,odd,45439.16,0.03,L15350
5s18p 3P1,5s.18p,3P,1,odd,45451.87,0.01,L4542
5s18p 3P2,5s.18p,3P,2,odd,45452.53,0.01,L4542
5s18p 1P1,5s.18p,1P,1,odd,45463.02,0.05,L15350
5s18d 3D1,5s.18d,3D,1,even,45475.35,0.15,L5578
5s18d 3D2,5s.18d,3D,2,even,45479.88,0.15,L5578
5s19s 3S1,5s.19s,3S,1,even,45482.89,0.01,L11277
5s19s 1S0,5s.19s,1S,0,even,45488.7860,0.0010,L5644
5s18d 1D2,5s.18d,1D,2,even,45492.6101,0.0010,L5644
5s18d 3D3,5s.18d,3D,3,even,45495.02,0.15,L5578
5s16f 3F2,5s.16f,3F,2,odd,45497.42,0.04,L15350
5s16f 3F3,5s.16f,3F,3,odd,45497.43,0.04,L15350
5s16f 3F4,5s.16f,3F,4,odd,45497.49,0.04,L15350
5s16f 1F3,5s.16f,1F,3,odd,45499.11,0.03,L15350
5s19p 3P1,5s.19p,3P,1,odd,45509.65,0.02,L4542
5s19p 3P2,5s.19p,3P,2,odd,45510.20,0.02,L4542
5s19p 1P1,5s.19p,1P,1,odd,45518.64,0.03,L15350
5s19d 3D1,5s.19d,3D,1,even,45527.10,0.15,L5578
5s19d 3D2,5s.19d,3D,2,even,45530.18,0.15,L5578
5s20s 3S1,5s.20s,3S,1,even,45535.32,0.01,L11277
5s20s 1S0,5s.20s,1S,0,even,45540.2024,0.0010,L5644
5s19d 1D2,5s.19d,1D,2,even,45542.2955,0.0010,L5644
5s19d 3D3,5s.19d,3D,3,even,45542.30,0.04,L11277
5s17f 3F2,5s.17f,3F,2,odd,45547.30,0.04,L15350
5s17f 3F4,5s.17f,3F,4,odd,45547.39,0.04,L15350
5s17f 3F3,5s.17f,3F,3,odd,45547.41,0.04,L15350
5s17f 1F3,5s.17f,1F,3,odd,45548.76,0.03,L15350
5s20p 3P1,5s.20p,3P,1,odd,45557.62,0.02,L4542
5s20p 3P2,5s.20p,3P,2,odd,45558.00,0.02,L4542
5s20p 1P1,5s.20p,1P,1,odd,45565.00,0.03,L15350
5s20d 3D1,5s.20d,3D,1,even,45570.97,0.04,L5578
5s20d 3D2,5s.20d,3D,2,even,45573.28,0.04,L5578
5s20d 3D3,5s.20d,3D,3,even,45582.36,0.04,L11277
5s20d 1D2,5s.20d,1D,2,even,45584.1831,0.0010,L5644
5s18f 3F2,5s.18f,3F,2,odd,45589.11,0.04,L15350
5s18f 3F4,5s.18f,3F,4,odd,45589.23,0.04,L15350
5s18f 3F3,5s.18f,3F,3,odd,45589.25,0.04,L15350
5s18f 1F3,5s.18f,1F,3,odd,45590.32,0.03,L15350
5s19f 3F4,5s.19f,3F,4,odd,45624.43,0.04,L15350
5s19f 3F2,5s.19f,3F,2,odd,45624.48,0.04,L15350
5s19f 3F3,5s.19f,3F,3,odd,45624.53,0.04,L15350
5s19f 1F3,5s.19f,1F,3,odd,45625.48,0.03,L15350
5s20f 3F3,5s.20f,3F,3,odd,45654.56,0.04,L15350
5s20f 3F4,5s.20f,3F,4,odd,45654.70,0.04,L15350
5s20f 1F3,5s.20f,1F,3,odd,45655.49,0.03,L15350
Sr II (5s 2S<1/2>) Limit---,Sr II (5s 2S<1/2>),Limit,---,even,45932.2036,0.0010,"L15350,L5644"
5p2 1D2,5p2,1D,2,even,46380.1,2.0,L9352
4d6p 3D1,4d.6p,3D,1,odd,49409.86,0.14,L15350
4d6p 3P1,4d.6p,3P,1,odd,49547,5.,L7603
4d6p 3D2,4d.6p,3D,2,odd,49558.30,0.12,L15350
4d6p 3D3,4d.6p,3D,3,odd,49665.77,0.14,L15350
4d6p 3P2,4d.6p,3P,2,odd,49732.0,0.5,L15350
4d5d 3F2,4d.5d,3F,2,even,51036.49,0.05,L2631
4d6p 1P1,4d.6p,1P,1,odd,51099,5.,L7603
4d5d 3F3,4d.5d,3F,3,even,51150.30,0.05,L2631
4d5d 3F4,4d.5d,3F,4,even,51254.06,0.05,L2631
4d5d 1D2,4d.5d,1D,2,even,51356.00,0.24,L2631
4d5d 3P1,4d.5d,3P,1,even,51439.66,0.17,L2631
4d5d 3P2,4d.5d,3P,2,even,51555.06,0.10,L2631
4d(2D<3/2>)4f 2[3/2]1,4d.(2D<3/2>).4f,2[3/2],1,odd,53253.0,0.6,L7603
4d(2D<3/2>)4f 2[7/2]3,4d.(2D<3/2>).4f,2[7/2],3,odd,53294.4,0.2,L13135
4d(2D<3/2>)4f 2[5/2]3,4d.(2D<3/2>).4f,2[5/2],3,odd,53392.6,0.2,L13135
4d(2D<5/2>)4f 2[3/2]1,4d.(2D<5/2>).4f,2[3/2],1,odd,53546.2,0.6,L7603
4d(2D<5/2>)4f 2[7/2]3,4d.(2D<5/2>).4f,2[7/2],3,odd,53572.3,0.2,L13135
4d(2D<5/2>)4f 2[5/2]3,4d.(2D<5/2>).4f,2[5/2],3,odd,53632.8,0.2,L13135
"4d6d (3/2,3/2)1",4d.6d,"(3/2,3/2)",1,even,54139.2,0.2,L16320
"4d6d (3/2,5/2)2",4d.6d,"(3/2,5/2)",2,even,54140.5,0.2,L16320
"4d6d (3/2,5/2)1",4d.6d,"(3/2,5/2)",1,even,54308.5,0.2,L16320
"4d6d (5/2,5/2)1",4d.6d,"(5/2,5/2)",1,even,54469.5,0.2,L16320
4d(2D<3/2>)7p 2[3/2]1,4d.(2D<3/2>).7p,2[3/2],1,odd,54728.7,0.6,L7603
"4d6d (3/2,3/2)2",4d.6d,"(3/2,3/2)",2,even,54891.30,0.20,L2631
"4d6d (3/2,3/2)0",4d.6d,"(3/2,3/2)",0,even,54999.9,0.2,L10938
"4d6d (5/2,3/2)3",4d.6d,"(5/2,3/2)",3,even,55033.33,0.05,L2631
"4d6d (5/2,3/2)2",4d.6d,"(5/2,3/2)",2,even,55088.2,0.2,L16320
"4d6d (5/2,3/2)1",4d.6d,"(5/2,3/2)",1,even,55113.7,0.2,L16320
"4d6d (5/2,5/2)4",4d.6d,"(5/2,5/2)",4,even,55119.40,0.15,L2631
4d(2D<5/2>)7p 2[3/2]1,4d.(2D<5/2>).7p,2[3/2],1,odd,55195.6,1.2,L413
"4d6d (5/2,5/2)2",4d.6d,"(5/2,5/2)",2,even,55234.2,0.2,L16320
"4d6d (5/2,5/2)0",4d.6d,"(5/2,5/2)",0,even,55428.3,0.2,L10938
"4d8s (3/2,1/2)1",4d.8s,"(3/2,1/2)",1,even,55557.5,0.6,L16321
"4d8s (3/2,1/2)2",4d.8s,"(3/2,1/2)",2,even,55560,5.,L16320
"4d8s (5/2,1/2)2",4d.8s,"(5/2,1/2)",2,even,55802,30,L16320
"4d8s (5/2,1/2)3",4d.8s,"(5/2,1/2)",3,even,55824.4,0.6,L14119
"4d5f (3/2,5/2)1",4d.5f,"(3/2,5/2)",1,odd,55847.3,0.6,L7603
"4d5f (3/2,5/2)3",4d.5f,"(3/2,5/2)",3,odd,55873.6,0.2,L13135
"4d5f (3/2,7/2)3",4d.5f,"(3/2,7/2)",3,odd,55972.5,0.2,L13135
4d(2D<3/2>)5g 2[5/2]2,4d.(2D<3/2>).5g,2[5/2],2,even,56063.0,0.2,L16320
"4d5f (5/2,5/2)1",4d.5f,"(5/2,5/2)",1,odd,56107.7,0.6,L7603
"4d5f (5/2,5/2)3",4d.5f,"(5/2,5/2)",3,odd,56145.4,0.2,L13135
"4d5f (5/2,7/2)1",4d.5f,"(5/2,7/2)",1,odd,56169.6,0.6,L7603
"4d5f (5/2,7/2)3",4d.5f,"(5/2,7/2)",3,odd,56211.9,0.2,L13135
4d(2D<5/2>)5g 2[5/2]2,4d.(2D<5/2>).5g,2[5/2],2,even,56341.9,0.2,L16320
4d(2D<5/2>)5g 2[3/2]2,4d.(2D<5/2>).5g,2[3/2],2,even,56352.4,0.2,L16320
"4d7d (3/2,3/2)1",4d.7d,"(3/2,3/2)",1,even,56366.9,0.2,L16320
4d(2D<3/2>)8p 2[3/2]1,4d.(2D<3/2>).8p,2[3/2],1,odd,56408.2,0.6,L7603
"4d7d (3/2,5/2)2",4d.7d,"(3/2,5/2)",2,even,56485.4,0.2,L16320
4d(2D<3/2>)8p 2[1/2]1,4d.(2D<3/2>).8p,2[1/2],1,odd,56610.1,0.6,L7603
"4d7d (5/2,5/2)1",4d.7d,"(5/2,5/2)",1,even,56676.0,0.2,L16320
4d(2D<5/2>)8p 2[5/2]3,4d.(2D<5/2>).8p,2[5/2],3,odd,56721.0,0.2,L13135
"4d7d (3/2,3/2)2",4d.7d,"(3/2,3/2)",2,even,56769.0,0.2,L16320
"4d7d (3/2,3/2)0",4d.7d,"(3/2,3/2)",0,even,56795.4,0.2,L10938
4d(2D<5/2>)8p 2[3/2]1,4d.(2D<5/2>).8p,2[3/2],1,odd,56940.5,1.8,L413
"4d7d (5/2,3/2)2",4d.7d,"(5/2,3/2)",2,even,56950.5,0.2,L16320
"4d7d (5/2,5/2)2",4d.7d,"(5/2,5/2)",2,even,57069.6,0.2,L16320
"4d7d (5/2,5/2)0",4d.7d,"(5/2,5/2)",0,even,57142.9,0.2,L10938
"4d6f (3/2,5/2)1",4d.6f,"(3/2,5/2)",1,odd,57235.5,0.7,L7603
"4d6f (3/2,5/2)3",4d.6f,"(3/2,5/2)",3,odd,57269.8,0.2,L13135
"4d6f (3/2,7/2)3",4d.6f,"(3/2,7/2)",3,odd,57364.1,0.2,L13135
4d(2D<3/2>)6g 2[5/2]2,4d.(2D<3/2>).6g,2[5/2],2,even,57409.9,0.2,L16320
"4d6f (5/2,5/2)1",4d.6f,"(5/2,5/2)",1,odd,57477.1,0.7,L7603
"4d6f (5/2,5/2)3",4d.6f,"(5/2,5/2)",3,odd,57535.3,0.2,L13135
"4d6f (5/2,7/2)1",4d.6f,"(5/2,7/2)",1,odd,57569.5,0.7,L7603
"4d6f (5/2,7/2)3",4d.6f,"(5/2,7/2)",3,odd,57591.9,0.2,L13135
"4d8d (3/2,5/2)1",4d.8d,"(3/2,5/2)",1,even,57639.3,0.2,L16320
"4d9p (3/2,3/2)1",4d.9p,"(3/2,3/2)",1,odd,57646.7,0.7,L7603
"4d8d (3/2,5/2)2",4d.8d,"(3/2,5/2)",2,even,57658.5,0.2,L16320
"4d8d (3/2,3/2)1",4d.8d,"(3/2,3/2)",1,even,57683.8,0.2,L16320
4d(2D<5/2>)6g 2[5/2]2,4d.(2D<5/2>).6g,2[5/2],2,even,57691.4,0.2,L16320
4d(2D<5/2>)6g 2[3/2]2,4d.(2D<5/2>).6g,2[3/2],2,even,57695.3,0.2,L16320
4d(2D<5/2>)6g 2[3/2]1,4d.(2D<5/2>).6g,2[3/2],1,even,57699.5,0.2,L16320
"4d9p (3/2,1/2)1",4d.9p,"(3/2,1/2)",1,odd,57743.2,0.7,L7603
"4d8d (3/2,3/2)2",4d.8d,"(3/2,3/2)",2,even,57819.9,0.2,L16320
"4d8d (5/2,5/2)1",4d.8d,"(5/2,5/2)",1,even,57836.4,0.2,L16320
"4d8d (3/2,3/2)0",4d.8d,"(3/2,3/2)",0,even,57844.2,0.2,L10938
"4d9p (5/2,1/2)3",4d.9p,"(5/2,1/2)",3,odd,57845.9,0.2,L13135
"4d9p (5/2,3/2)3",4d.9p,"(5/2,3/2)",3,odd,57917.0,0.2,L13135
"4d8d (5/2,3/2)1",4d.8d,"(5/2,3/2)",1,even,57975.5,0.2,L16320
"4d7f (3/2,5/2)1",4d.7f,"(3/2,5/2)",1,odd,58021.5,0.7,L7603
"4d8d (5/2,3/2)2",4d.8d,"(5/2,3/2)",2,even,58021.8,0.2,L16320
"4d9p (5/2,3/2)1",4d.9p,"(5/2,3/2)",1,odd,58081.8,1.3,L413
"4d10s (3/2,1/2)1",4d.10s,"(3/2,1/2)",1,even,58095.2,0.2,L16320
"4d7f (3/2,5/2)3",4d.7f,"(3/2,5/2)",3,odd,58106.7,0.2,L13135
"4d8d (5/2,5/2)2",4d.8d,"(5/2,5/2)",2,even,58117.2,0.2,L16320
"4d8d (5/2,5/2)0",4d.8d,"(5/2,5/2)",0,even,58154.8,0.2,L10938
"4d7f (3/2,7/2)3",4d.7f,"(3/2,7/2)",3,odd,58198.9,0.2,L13135
"4d7f (5/2,5/2)1",4d.7f,"(5/2,5/2)",1,odd,58287.0,0.7,L7603
"4d9d (3/2,3/2)1",4d.9d,"(3/2,3/2)",1,even,58378.1,0.2,L16320
"4d7f (5/2,5/2)3",4d.7f,"(5/2,5/2)",3,odd,58379.9,0.2,L13135
4d(2D<3/2>)10p 2[1/2]1,4d.(2D<3/2>).10p,2[1/2],1,odd,58396.2,0.7,L7603
"4d9d (3/2,5/2)1",4d.9d,"(3/2,5/2)",1,even,58417.1,0.2,L16320
"4d7f (5/2,7/2)1",4d.7f,"(5/2,7/2)",1,odd,58422.3,0.7,L7603
"4d9d (3/2,3/2)0",4d.9d,"(3/2,3/2)",0,even,58431.1,0.2,L10938
"4d9d (3/2,5/2)2",4d.9d,"(3/2,5/2)",2,even,58443.4,0.2,L16320
"4d7f (5/2,7/2)3",4d.7f,"(5/2,7/2)",3,odd,58444.5,0.2,L13135
4d(2D<3/2>)10p 2[3/2]1,4d.(2D<3/2>).10p,2[3/2],1,odd,58459.8,0.7,L7603
"4d9d (3/2,3/2)2",4d.9d,"(3/2,3/2)",2,even,58498.0,0.2,L16320
4d(2D<5/2>)7g 2[5/2]2,4d.(2D<5/2>).7g,2[5/2],2,even,58508.3,0.2,L16320
4d(2D<5/2>)7g 2[3/2]2,4d.(2D<5/2>).7g,2[3/2],2,even,58510.6,0.2,L16320
4d(2D<3/2>)8f 2[3/2]1,4d.(2D<3/2>).8f,2[3/2],1,odd,58618.3,0.7,L7603
"4d9d (5/2,5/2)1",4d.9d,"(5/2,5/2)",1,even,58642.0,0.2,L16320
4d(2D<5/2>)10p 2[7/2]3,4d.(2D<5/2>).10p,2[7/2],3,odd,58646.9,0.2,L13135
"4d9d (5/2,3/2)1",4d.9d,"(5/2,3/2)",1,even,58666.5,0.2,L16320
"4d9d (5/2,3/2)2",4d.9d,"(5/2,3/2)",2,even,58687.0,0.2,L16320
"4d9d (5/2,5/2)0",4d.9d,"(5/2,5/2)",0,even,58709.9,0.2,L10938
4d(2D<5/2>)10p 2[3/2]1,4d.(2D<5/2>).10p,2[3/2],1,odd,58713.2,0.7,L7603
4d(2D<3/2>)8f 2[5/2]3,4d.(2D<3/2>).8f,2[5/2],3,odd,58740.3,0.2,L13135
4d(2D<3/2>)8g 2[5/2]2,4d.(2D<3/2>).8g,2[5/2],2,even,58755.1,0.2,L16320
"4d9d (5/2,5/2)2",4d.9d,"(5/2,5/2)",2,even,58763.8,0.2,L16320
"4d10d (3/2,5/2)1",4d.10d,"(3/2,5/2)",1,even,58821.2,0.2,L16320
"4d10d (3/2,3/2)0",4d.10d,"(3/2,3/2)",0,even,58856.2,0.2,L10938
"4d10d (3/2,3/2)1",4d.10d,"(3/2,3/2)",1,even,58859.0,0.2,L16320
"4d10d (3/2,5/2)2",4d.10d,"(3/2,5/2)",2,even,58889.7,0.2,L16320
4d(2D<5/2>)8f 2[1/2]1,4d.(2D<5/2>).8f,2[1/2],1,odd,58926.5,0.7,L7603
"4d11s (5/2,1/2)2",4d.11s,"(5/2,1/2)",2,even,58929.8,2.,L16320
"4d10d (3/2,3/2)2",4d.10d,"(3/2,3/2)",2,even,58939.7,0.2,L16320
4d(2D<5/2>)8f 2[3/2]1,4d.(2D<5/2>).8f,2[3/2],1,odd,58970.7,0.7,L7603
"4d11s (3/2,1/2)2",4d.11s,"(3/2,1/2)",2,even,59027.7,0.2,L16320
4d(2D<3/2>)9f 2[3/2]1,4d.(2D<3/2>).9f,2[3/2],1,odd,59032.9,0.7,L7603
4d(2D<5/2>)8g 2[5/2]2,4d.(2D<5/2>).8g,2[5/2],2,even,59037.1,0.2,L16320
4d(2D<5/2>)8g 2[3/2]2,4d.(2D<5/2>).8g,2[3/2],2,even,59038.3,0.2,L16320
"4d10d (5/2,3/2)2",4d.10d,"(5/2,3/2)",2,even,59087.5,0.2,L16320
4d(2D<3/2>)9f 2[7/2]3,4d.(2D<3/2>).9f,2[7/2],3,odd,59105.6,0.2,L13135
4d(2D<3/2>)9g 2[5/2]2,4d.(2D<3/2>).9g,2[5/2],2,even,59119.4,0.2,L16320
"4d10d (5/2,5/2)1",4d.10d,"(5/2,5/2)",1,even,59137.4,0.2,L16320
"4d10d (5/2,3/2)1",4d.10d,"(5/2,3/2)",1,even,59165.1,0.2,L16320
"4d10d (5/2,5/2)2",4d.10d,"(5/2,5/2)",2,even,59223.5,0.2,L16320
4d(2D<5/2>)9f 2[1/2]1,4d.(2D<5/2>).9f,2[1/2],1,odd,59238.5,0.7,L7603
"4d10d (5/2,5/2)0",4d.10d,"(5/2,5/2)",0,even,59258.8,0.2,L10938
4d(2D<5/2>)9f 2[3/2]1,4d.(2D<5/2>).9f,2[3/2],1,odd,59360.5,0.7,L7603
4d(2D<3/2>)10f 2[3/2]1,4d.(2D<3/2>).10f,2[3/2],1,odd,59360.5,0.7,L7603
4d(2D<5/2>)9g 2[5/2]2,4d.(2D<5/2>).9g,2[5/2],2,even,59400.6,0.2,L16320
4d(2D<5/2>)9g 2[3/2]2,4d.(2D<5/2>).9g,2[3/2],2,even,59401.5,0.2,L16320
4d(2D<5/2>)10f 2[3/2]1,4d.(2D<5/2>).10f,2[3/2],1,odd,59661.2,0.7,L7603
4d(2D<5/2>)10g 2[5/2]2,4d.(2D<5/2>).10g,2[5/2],2,even,59661.3,0.2,L16320
4d(2D<5/2>)10g 2[3/2]2,4d.(2D<5/2>).10g,2[3/2],2,even,59661.7,0.2,L16320
Sr II (4d 2D<3/2>) Limit---,Sr II (4d 2D<3/2>),Limit,---,even,60488.09,0.20,L4447
Sr II (4d 2D<5/2>) Limit---,Sr II (4d 2D<5/2>),Limit,---,even,60768.43,0.20,L4447
